video,numFrame,seconds,fps,rfps,subset,featureFrame
Sin.City.2005__#0-22-04_0-22-18_label_B5-0-0,337,14.041666666666666,30,30,training,337
Death.Proof.2007__#00-45-05_00-47-36_label_B5-0-0,3625,151.04166666666666,30,30,training,3625
City.of.God.2002__#00-37-20_00-38-02_label_B5-0-0,1009,42.041666666666664,30,30,training,1009
v=78u9uBJBqIw__#1_label_B4-B5-0,3486,145.25,30,30,training,3486
Yellow.Sea.2010__#01-58-30_01-59-27_label_B5-0-0,1369,57.041666666666664,30,30,training,1369
Death.Proof.2007__#01-40-41_01-42-17_label_B5-B6-0,2305,96.04166666666667,30,30,training,2305
Taken.2.UNRATED.EXTENDED.2012__#00-13-42_00-14-16_label_B5-0-0,818,34.083333333333336,30,30,training,818
Election.2005__#00-47-57_00-50-54_label_B5-0-0,4248,177.0,30,30,training,4248
Operation.Red.Sea.2018__#01-20-58_01-22-00_label_B5-0-0,1488,62.0,30,30,training,1488
God.Bless.America.2011__#00-38-25_00-39-37_label_B2-B5-0,1729,72.04166666666667,30,30,training,1729
Mission.Impossible.II.2000__#01-38-25_01-38-41_label_B2-B5-0,385,16.041666666666668,30,30,training,385
Sin.City.2005__#0-29-34_0-29-56_label_B2-0-0,529,22.041666666666668,30,30,validation,529
Bullet.in.the.Head.1990__#01-26-30_01-27-34_label_B2-0-0,1537,64.04166666666667,30,30,validation,1537
Shoot.Em.Up.2007__#00-32-40_00-35-10_label_B2-0-0,3601,150.04166666666666,30,30,validation,3601
Spectre.2015__#01-32-55_01-35-40_label_B1-B2-0,3962,165.08333333333334,30,30,validation,3962
Fast.Furious.2009__#01-18-00_01-19-00_label_B2-B6-0,1441,60.041666666666664,30,30,validation,1441
Rush.Hour.1998.BluRay__#01-20-28_01-21-38_label_B2-0-0,1682,70.08333333333333,30,30,validation,1682
Spectre.2015__#02-02-57_02-03-27_label_B1-B2-0,722,30.083333333333332,30,30,validation,722
Operation.Red.Sea.2018__#0-02-17_0-02-37_label_B2-0-0,480,20.0,30,30,validation,480
Mission.Impossible.II.2000__#01-18-55_01-20-53_label_B2-0-0,2833,118.04166666666667,30,30,validation,2833
Bad.Boys.1995__#01-33-51_01-34-37_label_B2-0-0,1104,46.0,30,30,validation,1104
Mission.Impossible.II.2000__#01-46-20_01-47-11_label_B2-B6-0,1225,51.041666666666664,30,30,validation,1225
Operation.Red.Sea.2018__#0-29-36_0-30-20_label_B2-G-0,1056,44.0,30,30,validation,1056
Kill.Bill.Vol.2.2004__#0-25-20_0-26-20_label_B2-0-0,1441,60.041666666666664,30,30,validation,1441
Taken.2.UNRATED.EXTENDED.2012__#01-06-28_01-06-49_label_B2-0-0,505,21.041666666666668,30,30,validation,505
Skyfall.2012__#01-20-05_01-20-20_label_B1-B2-0,361,15.041666666666666,30,30,validation,361
Mission.Impossible.V.Rogue.Nation.2015__#01-15-52_01-16-48_label_B6-B2-0,1344,56.0,30,30,validation,1344
Mindhunters.2004__#01-19-00_01-20-05_label_B2-0-0,1561,65.04166666666667,30,30,validation,1561
Taken.3.2014__#00-03-58_00-04-16_label_B2-0-0,433,18.041666666666668,30,30,validation,433
Bad.Boys.II.2003__#00-06-42_00-10-00_label_B2-G-0,4753,198.04166666666666,30,30,validation,4753
Taken.Extended.Cut.2008__#00-50-45_00-51-04_label_B2-B6-0,456,19.0,30,30,validation,456
Spectre.2015__#01-08-58_01-09-20_label_B1-B2-0,529,22.041666666666668,30,30,validation,529
Spectre.2015__#01-10-35_01-10-53_label_B2-0-0,433,18.041666666666668,30,30,validation,433
Salt.2010__#01-12-05_01-12-32_label_B2-G-0,649,27.041666666666668,30,30,validation,649
Tropa.de.Elite.2.2010__#01-33-01_01-33-30_label_B2-0-0,698,29.083333333333332,30,30,validation,698
Skyfall.2012__#01-55-44_01-56-57_label_B2-G-0,1753,73.04166666666667,30,30,validation,1753
Sin.City.2005__#01-51-59_01-52-29_label_B2-0-0,721,30.041666666666668,30,30,validation,721
wangted.2008__#0-48-30_0-49-00_label_B2-0-0,721,30.041666666666668,30,30,validation,721
Taken.3.2014__#01-12-48_01-14-30_label_B2-B1-0,2449,102.04166666666667,30,30,validation,2449
Bullet.in.the.Head.1990__#02-02-00_02-05-22_label_B2-B6-G,4849,202.04166666666666,30,30,validation,4849
Mission.Impossible.III.2006__#01-54-02_01-54-40_label_B2-0-0,913,38.041666666666664,30,30,validation,913
Love.Death.and.Robots.S01E10__#0-01-00_0-02-13_label_B2-G-0,1752,73.0,30,30,validation,1752
Rush.Hour.1998.BluRay__#01-25-21_01-25-46_label_B2-0-0,602,25.083333333333332,30,30,validation,602
Rush.Hour.1998.BluRay__#00-11-05_00-12-10_label_B2-B1-0,1562,65.08333333333333,30,30,validation,1562
v=YhCSFZNwfHc__#00-01-15_00-01-42_label_G-B2-0,648,27.0,30,30,validation,648
Mission.Impossible.Ghost.Protocol.2011__#00-01-18_00-01-40_label_B2-0-0,529,22.041666666666668,30,30,validation,529
Haywire.2011__#00-39-07_00-41-48_label_B1-B2-0,3865,161.04166666666666,30,30,validation,3865
Fury.2014__#00-39-36_00-40-44_label_B1-B2-0,1634,68.08333333333333,30,30,validation,1634
Yellow.Sea.2010__#01-05-40_01-06-47_label_B1-B2-0,1609,67.04166666666667,30,30,validation,1609
Fast.Five.2011__#00-32-05_00-32-24_label_B1-B2-0,457,19.041666666666668,30,30,validation,457
City.of.God.2002__#01-24-10_01-25-10_label_B2-0-0,1441,60.041666666666664,30,30,validation,1441
Mission.Impossible.V.Rogue.Nation.2015__#00-17-27_00-17-55_label_B2-0-0,673,28.041666666666668,30,30,validation,673
Fast.Five.2011__#00-32-56_00-33-26_label_B2-0-0,721,30.041666666666668,30,30,validation,721
Mission.Impossible.II.2000__#01-25-08_01-25-31_label_B2-0-0,553,23.041666666666668,30,30,validation,553
The.Bourne.Ultimatum.2007__#01-26-27_01-28-03_label_B2-B6-0,2305,96.04166666666667,30,30,validation,2305
Casino.Royale.2006__#00-18-30_00-19-20_label_G-B2-0,1201,50.041666666666664,30,30,validation,1201
wangted.2008__#0-22-55_0-23-40_label_B2-0-0,1081,45.041666666666664,30,30,validation,1081
Black.Hawk.Down.2001__#02-00-12_02-01-29_label_B2-0-0,1850,77.08333333333333,30,30,validation,1850
Mission.Impossible.III.2006__#00-19-56_00-20-26_label_B2-0-0,721,30.041666666666668,30,30,validation,721
God.Bless.America.2011__#00-12-40_00-13-12_label_B2-0-0,769,32.041666666666664,30,30,validation,769
City.Of.Men.2007__#01-17-27_01-17-59_label_B2-0-0,769,32.041666666666664,30,30,validation,769
Sin.City.2005__#0-32-00_0-32-16_label_B2-0-0,384,16.0,30,30,validation,384
Brick.Mansions.2014__#00-11-57_00-12-12_label_B2-0-0,360,15.0,30,30,validation,360
Saving.Private.Ryan.1998__#02-25-42_02-26-03_label_B2-0-0,505,21.041666666666668,30,30,validation,505
Taken.2.UNRATED.EXTENDED.2012__#01-00-00_01-00-16_label_B2-0-0,385,16.041666666666668,30,30,validation,385
Taken.2.UNRATED.EXTENDED.2012__#01-18-25_01-18-40_label_B2-0-0,361,15.041666666666666,30,30,validation,361
Law.Abiding.Citizen.2009__#01-26-34_01-27-25_label_B2-0-0,1225,51.041666666666664,30,30,validation,1225
City.of.God.2002__#01-52-20_01-54-32_label_B2-0-0,3169,132.04166666666666,30,30,validation,3169
God.Bless.America.2011__#01-32-00_01-32-50_label_B2-0-0,1201,50.041666666666664,30,30,validation,1201
v=CLFYvG6MsZU__#00-02-16_00-05-06_label_B2-0-0,4083,170.125,30,30,validation,4083
Desperado.1995__#01-14-11_01-17-28_label_B2-G-0,4729,197.04166666666666,30,30,validation,4729
The.Hurt.Locker.2008__#01-02-10_01-03-55_label_B2-0-0,2521,105.04166666666667,30,30,validation,2521
The.Hurt.Locker.2008__#0-19-22_0-22-32_label_B2-B1-0,4561,190.04166666666666,30,30,validation,4561
City.Of.Men.2007__#01-35-30_01-36-00_label_B2-0-0,721,30.041666666666668,30,30,validation,721
Saving.Private.Ryan.1998__#00-47-50_00-49-35_label_B2-0-0,2521,105.04166666666667,30,30,validation,2521
GoldenEye.1995__#01-17-05_01-19-57_label_B2-B1-0,4129,172.04166666666666,30,30,validation,4129
City.Of.Men.2007__#00-51-50_00-53-31_label_B2-0-0,2425,101.04166666666667,30,30,validation,2425
Mission.Impossible.V.Rogue.Nation.2015__#01-54-23_01-55-10_label_B2-0-0,1129,47.041666666666664,30,30,validation,1129
Shoot.Em.Up.2007__#00-53-25_00-56-47_label_B2-0-0,4850,202.08333333333334,30,30,validation,4850
The.Fast.and.the.Furious.2001__#00-29-00_00-29-52_label_B2-G-0,1249,52.041666666666664,30,30,validation,1249
Spectre.2015__#00-44-05_00-44-40_label_B1-B2-0,841,35.041666666666664,30,30,validation,841
Black.Hawk.Down.2001__#01-13-59_01-14-49_label_B2-0-0,1201,50.041666666666664,30,30,validation,1201
Tropa.de.Elite.2.2010__#00-46-11_00-46-50_label_B2-0-0,937,39.041666666666664,30,30,validation,937
Kingsman.The.Secret.Service.2014__#01-43-40_01-44-50_label_B2-G-0,1681,70.04166666666667,30,30,validation,1681
Shoot.Em.Up.2007__#00-56-56_00-57-15_label_B2-0-0,457,19.041666666666668,30,30,validation,457
Tropa.de.Elite.2.2010__#00-42-00_00-43-00_label_B2-0-0,1441,60.041666666666664,30,30,validation,1441
City.Of.Men.2007__#00-57-37_00-58-27_label_B2-0-0,1200,50.0,30,30,validation,1200
Fast.Furious.6.2013__#00-45-40_00-47-13_label_B2-0-0,2233,93.04166666666667,30,30,validation,2233
Brick.Mansions.2014__#01-02-00_01-02-43_label_B2-0-0,1032,43.0,30,30,validation,1032
The.Bourne.Ultimatum.2007__#01-44-02_01-44-11_label_B2-0-0,217,9.041666666666666,30,30,validation,217
Salt.2010__#01-06-27_01-07-07_label_G-B2-0,962,40.083333333333336,30,30,validation,962
Bullet.in.the.Head.1990__#01-45-21_01-46-20_label_B2-0-0,1417,59.041666666666664,30,30,validation,1417
Skyfall.2012__#01-57-40_01-58-00_label_B2-0-0,481,20.041666666666668,30,30,validation,481
Deadpool.2.2018__#0-04-46_0-05-01_label_B2-0-0,361,15.041666666666666,30,30,validation,361
Fast.Furious.2009__#00-21-06_00-21-57_label_B6-B2-0,1225,51.041666666666664,30,30,validation,1225
Rush.Hour.1998.BluRay__#00-08-08_00-09-15_label_B2-B6-G,1609,67.04166666666667,30,30,validation,1609
Sin.City.2005__#0-10-40_0-11-40_label_B2-0-0,1441,60.041666666666664,30,30,validation,1441
Kingsman.The.Secret.Service.2014__#00-22-10_00-23-10_label_B2-0-0,1441,60.041666666666664,30,30,validation,1441
Haywire.2011__#00-03-51_00-05-12_label_B1-B2-0,1945,81.04166666666667,30,30,validation,1945
The.Bourne.Legacy.2012__#0-59-18_01-01-52_label_B2-B1-0,3697,154.04166666666666,30,30,validation,3697
Desperado.1995__#00-38-36_00-39-21_label_B1-B2-0,1081,45.041666666666664,30,30,validation,1081
Sin.City.2005__#0-43-45_0-44-01_label_B2-0-0,385,16.041666666666668,30,30,validation,385
The.World.Is.Not.Enough.1999__#00-07-04_00-07-45_label_G-B2-0,984,41.0,30,30,validation,984
The.Bourne.Identity.2002__#01-27-39_01-29-19_label_B2-0-0,2400,100.0,30,30,validation,2400
Bad.Boys.1995__#01-11-55_01-12-40_label_G-B2-B6,1081,45.041666666666664,30,30,validation,1081
Quantum.Of.Solace.2008__#01-30-26_01-30-42_label_B2-B1-0,384,16.0,30,30,validation,384
Operation.Red.Sea.2018__#01-37-22_01-37-36_label_G-B2-0,336,14.0,30,30,validation,336
Rush.Hour.3.2007.BluRay__#00-04-59_00-05-31_label_B2-0-0,769,32.041666666666664,30,30,validation,769
Rush.Hour.3.2007.BluRay__#00-40-56_00-41-52_label_B2-0-0,1345,56.041666666666664,30,30,validation,1345
Kingsman.The.Golden.Circle.2017__#00-41-22_00-41-32_label_B2-0-0,241,10.041666666666666,30,30,validation,241
Fast.Furious.2009__#01-29-10_01-29-55_label_B2-0-0,1080,45.0,30,30,validation,1080
City.of.God.2002__#00-40-16_00-41-30_label_B2-0-0,1778,74.08333333333333,30,30,validation,1778
Casino.Royale.2006__#00-50-05_00-51-16_label_B1-B2-B6,1705,71.04166666666667,30,30,validation,1705
Bullet.in.the.Head.1990__#00-41-30_00-44-16_label_B4-G-0,3986,166.08333333333334,30,30,validation,3986
v=m8EkFsaGPzU__#1_label_B4-0-0,5703,237.625,30,30,validation,5703
Young.And.Dangerous.III.1996__#00-23-00_00-25-54_label_B4-0-0,4178,174.08333333333334,30,30,validation,4178
v=MJLylzPRvyw__#1_label_B4-0-0,3587,149.45833333333334,30,30,validation,3587
v=_5Kmb4tqMxs__#1_label_B4-0-0,1305,54.375,30,30,validation,1305
v=u0Tnw01PNxc__#1_label_B4-0-0,1377,57.375,30,30,validation,1377
v=pFamvR9CpYw__#00-06-36_00-15-20_label_B4-0-0,12579,524.125,30,30,validation,12579
v=2WkuPNLfl5s__#1_label_B4-0-0,1242,51.75,30,30,validation,1242
v=IWzI9V3WSnc__#1_label_B4-0-0,2689,112.04166666666667,30,30,validation,2689
v=fQQzg2VfJME__#1_label_B4-0-0,1348,56.166666666666664,30,30,validation,1348
v=Q6zIX29HkSo__#1_label_B4-0-0,2145,89.375,30,30,validation,2145
v=bfOlheR5nUQ__#00-00-00_00-04-33_label_B4-0-0,6554,273.0833333333333,30,30,validation,6554
v=S-7rRLrxnVQ__#1_label_B4-0-0,3273,136.375,30,30,validation,3273
v=pHZ9gOfmY_k__#1_label_B4-0-0,5179,215.79166666666666,30,30,validation,5179
v=GbMQ2CxeNHU__#1_label_B4-0-0,5490,228.75,30,30,validation,5490
Jason.Bourne.2016__#0-29-48_0-30-29_label_B4-0-0,985,41.041666666666664,30,30,validation,985
v=2al4t5inObA__#1_label_B4-0-0,3582,149.25,30,30,validation,3582
v=T-LH8Gv5zzY__#1_label_B4-0-0,2426,101.08333333333333,30,30,validation,2426
v=lpkL0Y1MhA8__#1_label_B4-0-0,2524,105.16666666666667,30,30,validation,2524
v=-kwNh1lMU-w__#1_label_B4-0-0,4081,170.04166666666666,30,30,validation,4081
v=CoxsDkB-rWU__#00-07-06_00-10-30_label_B4-0-0,4898,204.08333333333334,30,30,validation,4898
v=utQ5AvXtNLA__#1_label_B4-0-0,1076,44.833333333333336,30,30,validation,1076
v=tv0rI-5ycBU__#1_label_B4-0-0,3249,135.375,30,30,validation,3249
v=1djrJ0wxlYo__#1_label_B4-0-0,1536,64.0,30,30,validation,1536
v=gbRIKogNZvE__#1_label_B4-0-0,2990,124.58333333333333,30,30,validation,2990
v=FRj2K0ulD8Q__#00-04-16_00-06-05_label_B4-0-0,2618,109.08333333333333,30,30,validation,2618
v=7xQr5wYwNPg__#1_label_B4-0-0,1121,46.708333333333336,30,30,validation,1121
v=BXR3d22BhHs__#00-07-00_00-08-00_label_B4-0-0,1443,60.125,30,30,validation,1443
v=gsz_P8t-KM4__#1_label_B4-0-0,9741,405.875,30,30,validation,9741
v=FRj2K0ulD8Q__#00-00-00_00-00-57_label_B4-0-0,1370,57.083333333333336,30,30,validation,1370
v=m5Ya6z6qroo__#1_label_B4-0-0,5647,235.29166666666666,30,30,validation,5647
v=CFfc4UWzVB8__#00-00-00_00-00-30_label_B4-0-0,722,30.083333333333332,30,30,validation,722
v=k_cvJa1kNaM__#1_label_B4-0-0,5628,234.5,30,30,validation,5628
v=7isLhaNYgkU__#1_label_B4-0-0,5706,237.75,30,30,validation,5706
Jason.Bourne.2016__#0-17-25_0-18-53_label_B4-0-0,2112,88.0,30,30,validation,2112
Tropa.de.Elite.2.2010__#00-13-41_00-14-56_label_B4-0-0,1801,75.04166666666667,30,30,validation,1801
v=7zEFHKKBA0g__#1_label_B4-0-0,4420,184.16666666666666,30,30,validation,4420
v=p7kvQ4OpDgU__#1_label_B4-0-0,1889,78.70833333333333,30,30,validation,1889
v=BFPkt0AuSFA__#1_label_B4-0-0,3380,140.83333333333334,30,30,validation,3380
v=Dh-3BlhAOnE__#00-00-00_00-13-36_label_B4-0-0,19586,816.0833333333334,30,30,validation,19586
v=yDqThVpu1AM__#1_label_B4-0-0,744,31.0,30,30,validation,744
v=AF9p0YA0hyA__#00-00-45_00-01-44_label_B4-0-0,1418,59.083333333333336,30,30,validation,1418
v=yvnj5VIDsNI__#1_label_B4-0-0,4890,203.75,30,30,validation,4890
v=rKpXqwE2rg8__#00-01-57_00-03-06_label_B4-0-0,1658,69.08333333333333,30,30,validation,1658
v=m5zK-tzYCQM__#1_label_B4-0-0,1755,73.125,30,30,validation,1755
v=1io9Uh54Vhg__#1_label_B4-0-0,1980,82.5,30,30,validation,1980
v=3zgaqeVSXuI__#1_label_B4-0-0,1953,81.375,30,30,validation,1953
v=O9g1uuI62m0__#1_label_B4-0-0,4545,189.375,30,30,validation,4545
v=1q5V6DKH3bw__#1_label_B4-0-0,3029,126.20833333333333,30,30,validation,3029
v=UzxuX79xq4s__#1_label_B4-0-0,5286,220.25,30,30,validation,5286
v=ZCjNPgNu42g__#1_label_B4-0-0,3483,145.125,30,30,validation,3483
Deadpool.2.2018__#01-03-09_01-03-54_label_B4-0-0,1081,45.041666666666664,30,30,validation,1081
v=WiS3TIvykeY__#1_label_B4-0-0,1562,65.08333333333333,30,30,validation,1562
v=ADQNFs9bfFk__#00-00-00_00-00-58_label_B4-0-0,1394,58.083333333333336,30,30,validation,1394
v=NnmqkS1e88s__#1_label_B4-0-0,1752,73.0,30,30,validation,1752
v=v-Plzx73K68__#1_label_B4-0-0,1016,42.333333333333336,30,30,validation,1016
v=aQ3qMpgZjwg__#00-00-00_00-01-48_label_B4-0-0,2593,108.04166666666667,30,30,validation,2593
v=y1z12D5bx7c__#1_label_B4-0-0,4850,202.08333333333334,30,30,validation,4850
v=AF9p0YA0hyA__#00-03-03_00-04-20_label_B4-0-0,1850,77.08333333333333,30,30,validation,1850
v=aWPWHU8x6kE__#1_label_B4-0-0,4829,201.20833333333334,30,30,validation,4829
v=BXR3d22BhHs__#00-06-00_00-07-00_label_B4-0-0,1443,60.125,30,30,validation,1443
v=Q-u3Y9TkZhQ__#1_label_B4-0-0,1036,43.166666666666664,30,30,validation,1036
v=QWwDsPSe7iM__#1_label_B4-0-0,2334,97.25,30,30,validation,2334
v=iegHZ_UWWsA__#00-14-05_00-20-33_label_B4-0-0,9314,388.0833333333333,30,30,validation,9314
v=YKtw6uLEGps__#1_label_B4-0-0,2934,122.25,30,30,validation,2934
v=fIlmgvc-bUk__#1_label_B4-0-0,1415,58.958333333333336,30,30,validation,1415
v=OFxPTJxA5pg__#1_label_B4-0-0,17542,730.9166666666666,30,30,validation,17542
v=TfS-MJoVNjM__#1_label_B4-0-0,1311,54.625,30,30,validation,1311
v=3WmMhircZOc__#1_label_B4-0-0,6025,251.04166666666666,30,30,validation,6025
v=pFamvR9CpYw__#00-00-00_00-06-36_label_B4-0-0,9506,396.0833333333333,30,30,validation,9506
v=Y43UkfAe_bc__#00-00-00_00-01-40_label_B4-0-0,2402,100.08333333333333,30,30,validation,2402
v=bfOlheR5nUQ__#00-04-33_00-06-02_label_B4-0-0,2138,89.08333333333333,30,30,validation,2138
v=zI0q5UDP47g__#1_label_B4-0-0,3603,150.125,30,30,validation,3603
v=bDm2-1NZBLw__#1_label_B4-0-0,2210,92.08333333333333,30,30,validation,2210
v=g2v3EkBj9Zc__#1_label_B4-0-0,764,31.833333333333332,30,30,validation,764
v=-etV57xZ4_I__#1_label_B4-0-0,265,11.041666666666666,30,30,validation,265
v=GI49YSCruwY__#1_label_B4-0-0,3032,126.33333333333333,30,30,validation,3032
v=3xkwZk44VQs__#1_label_B4-0-0,2517,104.875,30,30,validation,2517
v=-fOWSLV6Esw__#1_label_B4-0-0,789,32.875,30,30,validation,789
v=SE5fxK7SasU__#00-03-23_00-04-08_label_B4-0-0,1082,45.083333333333336,30,30,validation,1082
v=fhiAyxpDQMU__#1_label_B4-0-0,3985,166.04166666666666,30,30,validation,3985
v=8oJMGgaww70__#1_label_B4-0-0,3595,149.79166666666666,30,30,validation,3595
Ip.Man.2008__#01-40-37_01-42-07_label_B4-0-0,2161,90.04166666666667,30,30,validation,2161
v=DD3jfKr8e-k__#00-00-00_00-01-40_label_B4-0-0,2402,100.08333333333333,30,30,validation,2402
v=OB0-MXNPUIU__#1_label_B4-0-0,4021,167.54166666666666,30,30,validation,4021
v=kPWdgckIhLI__#1_label_B4-0-0,793,33.041666666666664,30,30,validation,793
v=2jwO15SMyuo__#1_label_B4-0-0,2376,99.0,30,30,validation,2376
v=b0MUjeKAGZw__#1_label_B4-0-0,2795,116.45833333333333,30,30,validation,2795
v=ICnreR1hxP0__#1_label_B4-0-0,4328,180.33333333333334,30,30,validation,4328
v=_tsSKAsVZfo__#1_label_B4-0-0,2534,105.58333333333333,30,30,validation,2534
v=0N0PbzjEg0U__#1_label_B4-0-0,1518,63.25,30,30,validation,1518
v=FRj2K0ulD8Q__#00-06-05_00-08-25_label_B4-0-0,3339,139.125,30,30,validation,3339
Black.Hawk.Down.2001__#01-32-40_01-34-00_label_B4-0-0,1921,80.04166666666667,30,30,validation,1921
v=rJz4NXm6vis__#1_label_B4-0-0,1892,78.83333333333333,30,30,validation,1892
v=d5lTTPvJLpw__#1_label_B4-0-0,6277,261.5416666666667,30,30,validation,6277
v=ZnFlL84K7HE__#00-27-53_00-34-45_label_B4-0-0,9890,412.0833333333333,30,30,validation,9890
v=3xWiBCIxjIk__#1_label_B4-0-0,3748,156.16666666666666,30,30,validation,3748
v=6TR2rcgHm4g__#1_label_B4-0-0,1621,67.54166666666667,30,30,validation,1621
v=Hnfy9XhlIPM__#1_label_B4-0-0,4661,194.20833333333334,30,30,validation,4661
v=uprb6aBzymw__#00-03-03_00-05-13_label_B4-0-0,3121,130.04166666666666,30,30,validation,3121
Mission.Impossible.Fallout.2018__#00-31-21_00-32-50_label_B1-0-0,2136,89.0,30,30,training,2136
v=Qc3pAEeK16A__#1_label_B1-0-0,1409,58.708333333333336,30,30,training,1409
v=6nfo9c7a5pE__#1_label_B1-0-0,1235,51.458333333333336,30,30,training,1235
Braveheart.1995__#02-07-00_02-08-15_label_B1-0-0,1802,75.08333333333333,30,30,training,1802
Mission.Impossible.II.2000__#01-32-56_01-33-25_label_B1-0-0,697,29.041666666666668,30,30,training,697
wangted.2008__#0-45-25_0-47-01_label_B1-0-0,2305,96.04166666666667,30,30,training,2305
The.Fast.and.the.Furious.2001__#00-52-18_00-53-36_label_B1-0-0,1873,78.04166666666667,30,30,training,1873
Mission.Impossible.II.2000__#01-29-30_01-29-44_label_B1-0-0,337,14.041666666666666,30,30,training,337
Saving.Private.Ryan.1998__#02-24-18_02-25-42_label_B1-0-0,2017,84.04166666666667,30,30,training,2017
Mission.Impossible.Fallout.2018__#02-03-50_02-04-35_label_B1-0-0,1080,45.0,30,30,training,1080
Deadpool.2016__#0-18-58_0-19-20_label_B1-0-0,529,22.041666666666668,30,30,training,529
Young.And.Dangerous.I.1996__#0-46-57_0-48-57_label_B1-0-0,2881,120.04166666666667,30,30,training,2881
Taken.2.UNRATED.EXTENDED.2012__#01-18-40_01-19-00_label_B1-0-0,481,20.041666666666668,30,30,training,481
The.Bourne.Identity.2002__#0-19-53_0-21-48_label_B1-0-0,2761,115.04166666666667,30,30,training,2761
v=afhttnv46Y4__#1_label_B1-0-0,2500,104.16666666666667,30,30,training,2500
Kill.Bill.Vol.1.2003__#01-26-56_01-28-18_label_B1-0-0,1969,82.04166666666667,30,30,training,1969
New.Kids.Turbo.2010__#00-22-35_00-23-14_label_B1-0-0,936,39.0,30,30,training,936
Haywire.2011__#01-20-20_01-21-57_label_B1-0-0,2329,97.04166666666667,30,30,training,2329
v=ovQ1VTJ_IUI__#1_label_B1-0-0,1688,70.33333333333333,30,30,training,1688
v=xbPWQKZspfU__#1_label_B1-0-0,5034,209.75,30,30,training,5034
Mission.Impossible.Ghost.Protocol.2011__#01-12-38_01-13-43_label_B1-0-0,1561,65.04166666666667,30,30,training,1561
Brick.Mansions.2014__#00-41-25_00-42-36_label_B1-0-0,1704,71.0,30,30,training,1704
v=TsuuRo6PEXM__#1_label_B1-0-0,4343,180.95833333333334,30,30,training,4343
v=0yHBkMBE8r4__#1_label_B1-0-0,5162,215.08333333333334,30,30,training,5162
Desperado.1995__#00-16-48_00-18-52_label_B1-0-0,2977,124.04166666666667,30,30,training,2977
v=3y2OOc6WTrg__#1_label_B1-0-0,4352,181.33333333333334,30,30,training,4352
Young.And.Dangerous.IV.1997__#01-32-04_01-32-58_label_B1-0-0,1297,54.041666666666664,30,30,training,1297
v=wG-2t0M8CPc__#1_label_B1-0-0,2073,86.375,30,30,training,2073
v=MqrNCb2N5to__#1_label_B1-0-0,2533,105.54166666666667,30,30,training,2533
Taken.3.2014__#01-19-13_01-19-30_label_B1-0-0,409,17.041666666666668,30,30,training,409
Rush.Hour.3.2007.BluRay__#01-12-16_01-12-36_label_B1-0-0,481,20.041666666666668,30,30,training,481
v=Q8K7roZu3WU__#1_label_B1-0-0,1295,53.958333333333336,30,30,training,1295
v=PuZy1PQIgrA__#1_label_B1-0-0,2816,117.33333333333333,30,30,training,2816
Deadpool.2.2018__#0-50-30_0-51-20_label_B1-0-0,1201,50.041666666666664,30,30,training,1201
v=96N4XAJ7FKM__#1_label_B1-0-0,4860,202.5,30,30,training,4860
Brick.Mansions.2014__#00-16-26_00-17-12_label_B1-0-0,1104,46.0,30,30,training,1104
The.Fast.and.the.Furious.2001__#01-14-04_01-15-20_label_B1-0-0,1825,76.04166666666667,30,30,training,1825
Casino.Royale.2006__#01-17-29_01-17-46_label_B1-0-0,409,17.041666666666668,30,30,training,409
Ip.Man.2008__#00-46-51_00-47-30_label_B1-0-0,937,39.041666666666664,30,30,training,937
Rush.Hour.3.2007.BluRay__#00-34-11_00-35-46_label_B1-0-0,2281,95.04166666666667,30,30,training,2281
Saving.Private.Ryan.1998__#02-23-00_02-23-28_label_B1-0-0,673,28.041666666666668,30,30,training,673
v=rXWOpZ7W2fA__#1_label_B1-0-0,2796,116.5,30,30,training,2796
Fast.Five.2011__#01-29-27_01-32-05_label_B1-0-0,3793,158.04166666666666,30,30,training,3793
GoldenEye.1995__#00-24-53_00-25-06_label_B1-0-0,313,13.041666666666666,30,30,training,313
Braveheart.1995__#02-05-34_02-06-40_label_B1-0-0,1585,66.04166666666667,30,30,training,1585
v=tivXK3PGByk__#1_label_B1-0-0,3690,153.75,30,30,training,3690
Ip.Man.3.2015__#00-46-08_00-54-20_label_B1-0-0,11808,492.0,30,30,training,11808
Young.And.Dangerous.I.1996__#0-20-50_0-22-15_label_B1-0-0,2041,85.04166666666667,30,30,training,2041
Skyfall.2012__#02-08-44_02-09-17_label_B1-0-0,793,33.041666666666664,30,30,training,793
Mission.Impossible.Fallout.2018__#00-39-18_00-40-36_label_B1-0-0,1873,78.04166666666667,30,30,training,1873
Mission.Impossible.V.Rogue.Nation.2015__#00-14-40_00-17-12_label_B1-0-0,3649,152.04166666666666,30,30,training,3649
v=Y1hxr1MWLjM__#1_label_B1-0-0,3071,127.95833333333333,30,30,training,3071
v=9Ydg5IeZpFI__#1_label_B1-0-0,4621,192.54166666666666,30,30,training,4621
v=3e3C-LQWF2s__#1_label_B1-0-0,4421,184.20833333333334,30,30,training,4421
Braveheart.1995__#00-56-30_00-57-20_label_B1-0-0,1200,50.0,30,30,training,1200
Fast.Furious.2009__#00-25-59_00-26-25_label_B1-0-0,625,26.041666666666668,30,30,training,625
Mission.Impossible.Ghost.Protocol.2011__#01-56-52_01-57-03_label_B1-0-0,264,11.0,30,30,training,264
Gladiator.2000__#01-10-27_01-11-59_label_B1-0-0,2208,92.0,30,30,training,2208
Kingsman.The.Golden.Circle.2017__#00-35-55_00-36-35_label_B1-0-0,962,40.083333333333336,30,30,training,962
The.Bourne.Identity.2002__#01-45-00_01-45-46_label_B1-0-0,1104,46.0,30,30,training,1104
Crank.Dircut.2006__#0-27-42_0-29-01_label_B1-0-0,1898,79.08333333333333,30,30,training,1898
Fast.Furious.6.2013__#01-03-25_01-04-59_label_B1-0-0,2256,94.0,30,30,training,2256
v=osjdmjNJUdg__#1_label_B1-0-0,2320,96.66666666666667,30,30,training,2320
v=sbEHU4GskX4__#1_label_B1-0-0,2832,118.0,30,30,training,2832
v=gENp4SyNxkI__#1_label_B1-0-0,1275,53.125,30,30,training,1275
v=Z12t5h2mBJc__#1_label_B1-0-0,5047,210.29166666666666,30,30,training,5047
Ip.Man.2008__#00-48-57_00-50-47_label_B1-0-0,2641,110.04166666666667,30,30,training,2641
v=cuUK-3MNqtw__#1_label_B1-0-0,2063,85.95833333333333,30,30,training,2063
Taken.Extended.Cut.2008__#00-33-51_00-34-03_label_B1-0-0,289,12.041666666666666,30,30,training,289
Ip.Man.3.2015__#00-17-51_00-18-51_label_B1-0-0,1440,60.0,30,30,training,1440
Fast.Furious.6.2013__#01-38-33_01-39-20_label_B1-0-0,1129,47.041666666666664,30,30,training,1129
v=KUeUxbsBO6s__#1_label_B1-0-0,2748,114.5,30,30,training,2748
Quantum.Of.Solace.2008__#01-19-30_01-20-05_label_B1-0-0,841,35.041666666666664,30,30,training,841
Taken.3.2014__#01-04-50_01-05-05_label_B1-0-0,361,15.041666666666666,30,30,training,361
Salt.2010__#00-17-40_00-18-16_label_B1-0-0,865,36.041666666666664,30,30,training,865
Casino.Royale.2006__#00-51-16_00-52-41_label_B1-B6-0,2041,85.04166666666667,30,30,training,2041
GoldenEye.1995__#02-02-15_02-02-47_label_B1-0-0,770,32.083333333333336,30,30,training,770
New.Kids.Turbo.2010__#00-50-13_00-50-34_label_B1-0-0,504,21.0,30,30,training,504
v=0W8LohxH9nI__#1_label_B1-0-0,1413,58.875,30,30,training,1413
v=pMtu7fOHdII__#1_label_B1-0-0,1252,52.166666666666664,30,30,training,1252
Ip.Man.2008__#01-14-31_01-15-24_label_B1-0-0,1274,53.083333333333336,30,30,training,1274
v=6KQFxxHmVMc__#1_label_B1-0-0,3654,152.25,30,30,training,3654
IP.Man.2.2010__#01-35-55_01-39-11_label_B1-0-0,4704,196.0,30,30,training,4704
v=OE9t3XImErk__#1_label_B1-0-0,557,23.208333333333332,30,30,training,557
v=zQbnQBCTSiA__#1_label_B1-0-0,5695,237.29166666666666,30,30,training,5695
Young.And.Dangerous.IV.1997__#01-07-50_01-09-45_label_B1-0-0,2761,115.04166666666667,30,30,training,2761
Ip.Man.3.2015__#00-44-45_00-45-08_label_B1-0-0,552,23.0,30,30,training,552
Lord.of.War__#01-41-04_01-41-53_label_B1-0-0,1177,49.041666666666664,30,30,training,1177
Kill.Bill.Vol.1.2003__#01-21-39_01-26-55_label_B1-0-0,7585,316.0416666666667,30,30,training,7585
Braveheart.1995__#01-26-50_01-32-30_label_B1-0-0,8161,340.0416666666667,30,30,training,8161
Bullet.in.the.Head.1990__#00-17-20_00-18-55_label_B1-0-0,2281,95.04166666666667,30,30,training,2281
v=q_DhkdHGXos__#1_label_B1-0-0,4638,193.25,30,30,training,4638
v=8ewWXhYRUNs__#1_label_B1-0-0,1369,57.041666666666664,30,30,training,1369
Sin.City.2005__#0-06-42_0-07-06_label_B1-0-0,577,24.041666666666668,30,30,training,577
v=BpargJW29Wo__#00-00-50_00-01-30_label_B1-0-0,962,40.083333333333336,30,30,training,962
v=oipd63DGadU__#1_label_B1-0-0,1398,58.25,30,30,training,1398
v=pL2HjXvWuPc__#1_label_B1-0-0,4836,201.5,30,30,training,4836
v=FW_qbiPH7UA__#1_label_B1-0-0,3283,136.79166666666666,30,30,training,3283
Kill.Bill.Vol.1.2003__#01-17-20_01-20-20_label_B1-0-0,4321,180.04166666666666,30,30,training,4321
v=BQjKQbYgUBA__#1_label_B1-0-0,3423,142.625,30,30,training,3423
IP.Man.2.2010__#00-07-14_00-09-13_label_B1-0-0,2856,119.0,30,30,training,2856
Yellow.Sea.2010__#01-04-00_01-04-50_label_B1-0-0,1200,50.0,30,30,training,1200
v=X6Tbn8_X-Os__#1_label_B1-0-0,4899,204.125,30,30,training,4899
v=251___mEwZA__#1_label_B1-0-0,4577,190.70833333333334,30,30,training,4577
v=yrpZJ8Vr3aA__#1_label_B1-0-0,2354,98.08333333333333,30,30,training,2354
Haywire.2011__#00-16-07_00-16-49_label_B1-0-0,1008,42.0,30,30,training,1008
v=HUL83wCQATc__#1_label_B1-0-0,2103,87.625,30,30,training,2103
Mission.Impossible.Ghost.Protocol.2011__#01-54-24_01-54-50_label_B1-0-0,625,26.041666666666668,30,30,training,625
1883,984,32.8,30,30,training,984
1305,850,34.0,30,30,training,850
1911,238,7.933333333333334,30,30,training,238
1992,6284,209.67634300967634,30,30,training,6284
1469,726,24.2,30,30,training,726
1894,1545,51.5,30,30,training,1545
1540,3858,128.6,30,30,training,3858
2143,338,11.266666666666667,30,30,training,338
1471,2207,88.28,30,30,training,2207
1882,1908,63.6,30,30,training,1908
1935,967,40.291666666666664,30,30,training,967
1516,5302,176.73333333333332,30,30,training,5302
1857,905,30.166666666666668,30,30,training,905
1694,3079,123.16,30,30,training,3079
1508,6120,204.20420420420422,30,30,training,6120
2142,262,8.733333333333333,30,30,training,262
1315,548,18.266666666666666,30,30,validation,548
1890,306,10.2,30,30,training,306
1873,849,33.96,30,30,training,849
1888,407,13.566666666666666,30,30,training,407
2023,1500,60.0,30,30,training,1500
1917,3137,104.56666666666666,30,30,training,3137
2067,3177,127.08,30,30,training,3177
1531,588,19.6,30,30,training,588
1463,305,10.166666666666666,30,30,training,305
1919,1259,41.96666666666667,30,30,training,1259
1578,926,37.04,30,30,training,926
1918,3672,122.4,30,30,training,3672
2148,466,15.533333333333333,30,30,training,466
1903,822,32.88,30,30,training,822
1913,2884,96.13333333333334,30,30,training,2884
1872,6678,222.6,30,30,training,6678
2018,1581,52.752752752752755,30,30,training,1581
1703,3244,108.24157490824157,30,30,training,3244
2017,3183,127.32,30,30,training,3183
1930,190,6.333333333333333,30,30,training,190
2090,632,21.066666666666666,30,30,training,632
1871,2269,75.63333333333334,30,30,training,2269
2146,398,13.266666666666667,30,30,training,398
2038,854,28.495161828495164,30,30,training,854
1505,439,14.633333333333333,30,30,training,439
1422,3007,100.33366700033368,30,30,training,3007
1702,401,16.04,30,30,training,401
2063,1674,55.85585585585586,30,30,training,1674
1419,5036,168.03470136803472,30,30,training,5036
1938,746,24.866666666666667,30,30,training,746
2021,2507,83.65031698365031,30,30,training,2507
1710,4213,140.5739072405739,30,30,training,4213
1403,453,15.1,30,30,training,453
2068,3087,103.003003003003,30,30,training,3087
1980,1114,37.13333333333333,30,30,training,1114
2007,2903,116.12,30,30,training,2903
1400,343,11.433333333333334,30,30,training,343
1995,4186,139.673006339673,30,30,training,4186
2037,869,28.966666666666665,30,30,training,869
1947,2322,92.88,30,30,training,2322
1415,1881,62.76276276276276,30,30,training,1881
1957,825,27.5,30,30,training,825
1539,9621,320.7,30,30,training,9621
1707,5490,183.1831831831832,30,30,training,5490
1978,5607,224.28,30,30,training,5607
1394,2293,38.76584953508031,30,30,training,2293
1996,416,13.866666666666667,30,30,training,416
2016,2083,69.50283616950284,30,30,training,2083
2001,1182,47.28,30,30,training,1182
1983,1791,59.75975975975976,30,30,training,1791
2054,177,5.9,30,30,training,177
2012,491,20.475396163469558,30,30,training,491
1404,1863,74.52,30,30,training,1863
853,7752,258.6586586586587,30,30,training,7752
1401,2324,77.46666666666667,30,30,training,2324
1418,4008,133.73373373373374,30,30,training,4008
2009,1839,73.56,30,30,training,1839
2034,1068,35.63563563563564,30,30,training,1068
1962,2315,77.24391057724391,30,30,training,2315
2040,2623,109.38281901584654,30,30,training,2623
1298,1003,33.466800133466805,30,30,validation,1003
1706,4010,133.80046713380048,30,30,training,4010
1693,1877,75.08,30,30,training,1877
1416,2270,75.74240907574242,30,30,training,2270
1709,1561,52.085418752085424,30,30,training,1561
1701,2125,85.06805444355484,30,30,training,2125
1984,452,15.066666666666666,30,30,training,452
2011,1357,45.233333333333334,30,30,training,1357
1696,4700,157.50670241286863,30,30,training,4700
1423,1356,45.2,30,30,training,1356
1399,19345,645.4788121454789,30,30,training,19345
1993,5528,184.45111778445113,30,30,training,5528
1720,3458,138.32,30,30,training,3458
2028,6335,211.37804471137807,30,30,training,6335
1299,2827,94.32766099432766,30,30,validation,2827
1979,3267,109.00900900900902,30,30,training,3267
2058,436,14.533333333333333,30,30,training,436
2024,1068,35.6,30,30,training,1068
1405,517,17.233333333333334,30,30,training,517
1997,335,11.166666666666666,30,30,training,335
1398,458,15.266666666666667,30,30,training,458
1272,2315,77.24391057724391,30,30,training,2315
1697,595,29.77977977977978,30,30,training,595
2010,936,37.44,30,30,training,936
1718,732,29.28,30,30,training,732
1945,889,29.662996329663,30,30,training,889
1716,3732,124.4,30,30,training,3732
2026,817,27.233333333333334,30,30,training,817
1708,4009,133.7671004337671,30,30,training,4009
1715,2583,86.18618618618619,30,30,training,2583
2036,773,25.766666666666666,30,30,training,773
1273,1068,35.63563563563564,30,30,training,1068
1963,5079,169.4694694694695,30,30,training,5079
1942,1967,65.6322989656323,30,30,training,1967
1426,457,15.233333333333333,30,30,training,457
1839,4037,134.56666666666666,30,30,training,4037
1466,369,36.9,30,30,training,369
1339,867,34.68,30,30,training,867
1511,3947,131.56666666666666,30,30,training,3947
1465,3844,153.76,30,30,training,3844
1923,4537,151.23333333333332,30,30,training,4537
1475,1227,40.9,30,30,training,1227
1538,3606,120.2,30,30,training,3606
1509,1945,64.83333333333333,30,30,training,1945
646,5961,100.1007556675063,30,30,training,5961
1496,18799,627.2605939272606,30,30,training,18799
1514,1489,49.63333333333333,30,30,training,1489
1846,501,16.76145868183339,30,30,training,501
1510,5177,207.08,30,30,training,5177
1414,3390,141.36780650542119,30,30,training,3390
1596,3612,150.6255212677231,30,30,training,3612
641,644,21.466666666666665,30,30,training,644
1338,8983,299.7330663997331,30,30,training,8983
642,628,20.933333333333334,30,30,training,628
1306,2989,99.73306639973308,30,30,training,2989
1900,5294,176.46666666666667,30,30,training,5294
1512,15257,610.28,30,30,training,15257
1847,1402,46.90531950485112,30,30,training,1402
644,8742,147.14694495876117,30,30,training,8742
1517,2457,81.9,30,30,training,2457
1896,3490,116.33333333333333,30,30,training,3490
1497,1544,61.76,30,30,training,1544
1863,1853,61.766666666666666,30,30,training,1853
1525,828,59.142857142857146,30,30,training,828
1521,11717,390.95762429095765,30,30,training,11717
1844,479,15.98264931598265,30,30,training,479
1413,3100,103.43677010343677,30,30,training,3100
1341,1095,36.5,30,30,training,1095
1850,9390,313.0,30,30,training,9390
1864,5883,196.1,30,30,training,5883
1936,6232,249.28,30,30,training,6232
640,3003,100.1,30,30,training,3003
645,1189,19.816666666666666,30,30,training,1189
1842,7453,248.43333333333334,30,30,training,7453
1902,1976,65.86666666666666,30,30,training,1976
1905,1865,62.166666666666664,30,30,training,1865
1897,1809,60.3,30,30,training,1809
1849,1212,40.44044044044044,30,30,training,1212
1907,1572,62.88,30,30,training,1572
1526,1151,47.99833194328607,30,30,training,1151
643,4470,149.0,30,30,training,4470
1474,1207,40.233333333333334,30,30,training,1207
1868,1885,62.833333333333336,30,30,training,1885
1843,660,22.0,30,30,training,660
1655,1790,59.666666666666664,30,30,training,1790
2084,1325,53.0,30,30,training,1325
2044,2365,78.91224557891225,30,30,training,2365
1660,2418,100.83402835696414,30,30,training,2418
1407,1248,41.64164164164164,30,30,training,1248
2061,4775,159.325992659326,30,30,training,4775
1994,8939,297.96666666666664,30,30,training,8939
873,4203,140.1,30,30,training,4203
2062,4744,158.29162495829164,30,30,training,4744
1431,5505,183.68368368368368,30,30,training,5505
2075,2403,80.1,30,30,training,2403
869,2547,84.98498498498499,30,30,training,2547
1467,1134,37.8,30,30,training,1134
2081,1127,45.08,30,30,training,1127
1657,5819,194.16082749416083,30,30,training,5819
1985,3737,124.69135802469137,30,30,training,3737
1366,1790,59.666666666666664,30,30,training,1790
864,3002,100.16683350016683,30,30,training,3002
1650,2911,121.39282735613011,30,30,training,2911
2080,1863,62.1,30,30,training,1863
2041,749,31.23436196830692,30,30,training,749
1259,2694,89.8,30,30,training,2694
896,2782,92.82615949282616,30,30,training,2782
2078,2073,69.1,30,30,training,2073
1642,2476,103.25271059216013,30,30,training,2476
868,2985,99.5995995995996,30,30,training,2985
1417,6705,223.72372372372374,30,30,training,6705
2008,6671,222.58925592258927,30,30,training,6671
1433,2000,66.73340006673341,30,30,training,2000
1666,3085,123.4,30,30,training,3085
2072,625,25.0,30,30,training,625
1595,3440,143.45287739783151,30,30,training,3440
1656,3549,118.41841841841843,30,30,training,3549
2048,4174,139.2726059392726,30,30,training,4174
1429,2783,92.85952619285953,30,30,training,2783
2059,3978,132.73273273273273,30,30,training,3978
2074,1203,40.1,30,30,training,1203
2073,243,8.1,30,30,training,243
1971,1828,76.16666666666667,30,30,training,1828
880,2526,84.28428428428428,30,30,training,2526
1434,1543,51.43333333333333,30,30,training,1543
1989,2701,112.63552960800666,30,30,training,2701
1943,2359,98.37364470391994,30,30,training,2359
902,940,39.166666666666664,30,30,training,940
2027,3058,102.03536870203537,30,30,training,3058
2056,3837,153.48,30,30,training,3837
2032,1105,36.87020353687021,30,30,training,1105
2039,2596,86.61995328661996,30,30,training,2596
1425,7120,237.57090423757091,30,30,training,7120
928,3037,101.33466800133468,30,30,training,3037
1931,5003,200.12,30,30,training,5003
862,1935,64.5,30,30,training,1935
1944,2056,82.24,30,30,training,2056
2076,1683,56.1,30,30,training,1683
883,1847,61.6282949616283,30,30,training,1847
1670,2694,89.8,30,30,training,2694
2082,2427,97.08,30,30,training,2427
910,3530,117.78445111778446,30,30,training,3530
2079,1413,47.1,30,30,training,1413
2031,3250,108.44177510844177,30,30,training,3250
1663,3023,100.76666666666667,30,30,training,3023
2077,813,27.1,30,30,training,813
1990,979,32.665999332666,30,30,training,979
2002,2376,79.2,30,30,training,2376
2047,4546,189.5746455379483,30,30,training,4546
2025,3622,120.8541875208542,30,30,training,3622
2020,6755,225.16666666666666,30,30,training,6755
2071,2611,87.12045378712045,30,30,training,2611
1662,2094,87.32276897414512,30,30,training,2094
1671,2694,89.8,30,30,training,2694
1954,5697,190.0900900900901,30,30,training,5697
1991,3669,153.0025020850709,30,30,training,3669
1592,3681,153.50291909924937,30,30,training,3681
1390,2418,100.83402835696414,30,30,training,2418
2022,5359,223.47789824854044,30,30,training,5359
1391,2094,87.32276897414512,30,30,training,2094
870,2395,79.91324657991325,30,30,training,2395
1669,2790,116.34695579649708,30,30,training,2790
863,1636,54.587921254587926,30,30,validation,1636
899,1420,47.380714047380714,30,30,validation,1420
856,9087,181.74,30,30,validation,9087
890,3742,156.04670558798998,30,30,validation,3742
918,3437,114.56666666666666,30,30,validation,3437
897,608,20.286953620286955,30,30,validation,608
885,7504,125.19185852519186,30,30,validation,7504
909,1326,55.25,30,30,validation,1326
906,2572,107.16666666666667,30,30,validation,2572
946,756,25.225225225225227,30,30,training,756
850,12194,406.87354020687354,30,30,validation,12194
905,1164,38.83883883883884,30,30,validation,1164
871,3057,101.9,30,30,validation,3057
916,974,32.499165832499166,30,30,validation,974
852,3241,54.07073740407074,30,30,validation,3241
927,3388,113.04637971304638,30,30,validation,3388
867,2403,80.18018018018019,30,30,validation,2403
913,1479,49.3,30,30,validation,1479
926,1921,64.09743076409744,30,30,validation,1921
942,1024,40.96,30,30,validation,1024
903,1712,57.12379045712379,30,30,validation,1712
886,2216,73.94060727394061,30,30,validation,2216
940,4742,79.11244577911245,30,30,validation,4742
889,1987,66.29963296629964,30,30,validation,1987
912,2769,92.3923923923924,30,30,validation,2769
943,1944,77.76,30,30,validation,1944
901,1964,65.5321988655322,30,30,training,1964
865,2452,81.81514848181516,30,30,validation,2452
908,3507,117.01701701701703,30,30,validation,3507
911,1885,78.60717264386989,30,30,validation,1885
851,4046,135.00166833500168,30,30,training,4046
941,929,37.16,30,30,validation,929
945,2089,69.63333333333334,30,30,training,2089
898,3144,104.8,30,30,validation,3144
914,2459,82.04871538204871,30,30,validation,2459
866,2322,77.47747747747748,30,30,validation,2322
848,3712,123.8571905238572,30,30,validation,3712
907,2792,93.06666666666666,30,30,validation,2792
879,2017,67.30063396730064,30,30,validation,2017
925,6090,203.0,30,30,validation,6090
884,1801,60.03333333333333,30,30,validation,1801
904,1580,65.83333333333333,30,30,validation,1580
915,1084,36.16950283616951,30,30,validation,1084
893,834,27.82782782782783,30,30,validation,834
859,1049,35.00166833500167,30,30,validation,1049
939,2259,75.37537537537538,30,30,validation,2259
944,1809,60.42084168336673,30,30,training,1809
854,1312,43.77711044377711,30,30,training,1312
861,869,28.995662328995664,30,30,validation,869
887,1632,65.28,30,30,training,1632
857,9469,315.9492826159493,30,30,validation,9469
872,1502,60.08,30,30,validation,1502
875,3751,125.15849182515849,30,30,validation,3751
20,4451,148.36666666666667,30,30,training,4451
34,1119,37.3,30,30,training,1119
50,3980,132.79946613279947,30,30,training,3980
65,1625,54.166666666666664,30,30,training,1625
60,3737,124.56666666666666,30,30,training,3737
71,828,27.6,30,30,training,828
72,2712,90.4904904904905,30,30,validation,2712
96,1419,47.3,30,30,validation,1419
93,3315,110.5,30,30,validation,3315
23,1058,42.32,30,30,training,1058
35,624,20.8,30,30,training,624
47,3374,112.57924591257925,30,30,training,3374
37,790,26.359693026359693,30,30,training,790
32,1055,35.166666666666664,30,30,training,1055
92,2037,81.48,30,30,validation,2037
99,6116,204.07073740407074,30,30,validation,6116
22,680,22.689356022689356,30,30,training,680
30,541,18.033333333333335,30,30,training,541
90,2118,70.6,30,30,training,2118
1319,9274,309.1333333333333,30,30,validation,9274
61,3977,132.69936603269937,30,30,validation,3977
28,2333,93.32,30,30,training,2333
64,3569,119.08575241908575,30,30,training,3569
51,3778,126.0593927260594,30,30,training,3778
95,1573,65.59633027522936,30,30,validation,1573
33,637,21.233333333333334,30,30,training,637
29,1115,37.166666666666664,30,30,training,1115
1318,1683,56.15615615615616,30,30,validation,1683
70,711,23.7,30,30,validation,711
59,10833,361.46146146146145,30,30,training,10833
24,3875,155.0,30,30,training,3875
21,1820,60.666666666666664,30,30,training,1820
94,2560,85.41875208541876,30,30,validation,2560
19,8681,289.65632298965636,30,30,training,8681
97,1652,55.06666666666667,30,30,validation,1652
98,4857,162.06206206206207,30,30,validation,4857
91,1557,103.8,30,30,validation,1557
36,1098,36.6,30,30,training,1098
68,864,28.8,30,30,training,864
46,1838,61.327994661328,30,30,training,1838
69,916,30.533333333333335,30,30,training,916
16,922,30.733333333333334,30,30,training,922
26,1065,35.5,30,30,training,1065
67,2112,70.47047047047047,30,30,training,2112
31,979,32.63333333333333,30,30,training,979
100,3946,131.664998331665,30,30,validation,3946
58,1041,34.73473473473474,30,30,training,1041
27,3301,110.14347681014348,30,30,training,3301
25,4947,164.9,30,30,training,4947
1653,4941,164.86486486486487,30,30,training,4941
900,3382,112.84617951284618,30,30,training,3382
1637,2362,78.81214547881216,30,30,training,2362
1961,1762,58.79212545879213,30,30,training,1762
2015,820,27.360694027360694,30,30,training,820
1652,4941,164.86486486486487,30,30,training,4941
2043,3571,119.15248581915249,30,30,training,3571
1255,2679,89.3,30,30,training,2679
1952,2401,100.04166666666667,30,30,training,2401
924,3437,114.68134801468135,30,30,training,3437
1950,3710,123.79045712379046,30,30,training,3710
1266,5240,174.84150817484152,30,30,training,5240
1289,1970,65.66666666666667,30,30,training,1970
1988,2679,89.3,30,30,training,2679
1661,4890,195.6,30,30,training,4890
1646,4298,143.4100767434101,30,30,training,4298
1598,5225,174.341007674341,30,30,training,5225
1967,1147,76.46666666666667,30,30,training,1147
2005,3529,117.75108441775109,30,30,training,3529
2069,2773,92.43333333333334,30,30,training,2773
1659,2238,74.67467467467468,30,30,training,2238
1605,3234,107.90790790790791,30,30,training,3234
1647,4581,152.85285285285286,30,30,training,4581
1265,5090,169.8365031698365,30,30,training,5090
2052,3017,100.66733400066734,30,30,training,3017
1308,5021,200.84,30,30,training,5021
1968,3272,136.44703919933278,30,30,training,3272
1346,3234,107.90790790790791,30,30,training,3234
2051,3670,122.4557891224558,30,30,training,3670
1705,917,30.597263930597265,30,30,training,917
1966,4007,133.70036703370036,30,30,training,4007
1965,1345,44.87821154487821,30,30,training,1345
923,2924,97.56423089756423,30,30,training,2924
1958,4083,136.23623623623624,30,30,training,4083
1402,2313,92.52,30,30,training,2313
2045,2238,74.67467467467468,30,30,training,2238
2014,5090,169.8365031698365,30,30,training,5090
1447,970,38.8,30,30,training,970
1253,4581,152.85285285285286,30,30,training,4581
1450,1919,64.0306973640307,30,30,training,1919
1654,3545,118.28495161828495,30,30,training,3545
920,3595,119.83333333333333,30,30,training,3595
1955,5225,174.341007674341,30,30,training,5225
1639,4782,159.55955955955957,30,30,training,4782
876,2598,86.68668668668668,30,30,training,2598
1600,3749,125.09175842509177,30,30,training,3749
1252,5225,174.341007674341,30,30,training,5225
1981,3361,112.14547881214548,30,30,training,3361
1290,4581,152.85285285285286,30,30,training,4581
1973,702,23.423423423423426,30,30,training,702
1438,627,20.92092092092092,30,30,training,627
1488,4340,144.81147814481147,30,30,training,4340
2033,5240,174.84150817484152,30,30,training,5240
1668,4121,137.50417083750418,30,30,training,4121
2053,1913,63.8304971638305,30,30,training,1913
1478,4711,157.19052385719053,30,30,training,4711
1870,715,29.791666666666668,30,30,training,715
1599,5225,174.341007674341,30,30,training,5225
2019,1269,42.3,30,30,training,1269
921,3748,125.0583917250584,30,30,training,3748
1365,4941,164.86486486486487,30,30,training,4941
1940,4398,146.74674674674677,30,30,training,4398
2050,3830,127.79446112779446,30,30,training,3830
1601,4888,163.09642976309644,30,30,training,4888
922,3726,124.32432432432432,30,30,training,3726
1941,3668,122.38905572238906,30,30,training,3668
878,2307,76.9,30,30,training,2307
1279,4890,195.6,30,30,training,4890
1975,1574,52.519185852519186,30,30,training,1574
1644,3742,124.8581915248582,30,30,training,3742
1664,4088,136.40306973640307,30,30,training,4088
1636,2362,78.81214547881216,30,30,training,2362
1492,4191,139.83983983983984,30,30,training,4191
1603,3906,130.33033033033033,30,30,training,3906
1960,883,29.4627961294628,30,30,training,883
1270,5955,238.2,30,30,training,5955
1638,3381,112.81281281281282,30,30,training,3381
2003,1202,40.10677344010678,30,30,training,1202
1648,3598,120.0533867200534,30,30,training,3598
877,2002,66.80013346680013,30,30,training,2002
2042,2243,74.76666666666667,30,30,training,2243
891,2112,70.47047047047047,30,30,training,2112
794,1747,79.51752389622213,30,30,training,1747
1866,3226,107.53333333333333,30,30,training,3226
765,527,23.600537393640845,30,30,training,527
1912,2165,72.16666666666667,30,30,training,2165
1880,1457,60.758965804837366,30,30,training,1457
1658,4387,146.37971304637972,30,30,training,4387
836,3051,138.7448840381992,30,30,training,3051
1906,1588,63.52,30,30,training,1588
793,1517,69.04870277651344,30,30,training,1517
932,2675,107.0,30,30,training,2675
1288,4584,152.95295295295296,30,30,training,4584
1854,12385,413.2465799132466,30,30,training,12385
1278,4250,177.23102585487905,30,30,training,4250
834,1016,45.993662290629246,30,30,training,1016
804,1973,88.91392519152771,30,30,training,1973
1254,5891,196.56322989656323,30,30,training,5891
1275,4559,152.1187854521188,30,30,training,4559
835,628,28.57142857142857,30,30,training,628
1503,3893,129.89656322989657,30,30,training,3893
800,394,17.83612494341331,30,30,training,394
1528,913,36.52,30,30,training,913
1345,5082,169.56956956956958,30,30,training,5082
761,533,24.12856496152105,30,30,training,533
1493,12482,499.28,30,30,training,12482
824,955,43.5278030993619,30,30,training,955
817,2342,105.92492085029399,30,30,training,2342
825,2707,123.43821249430005,30,30,training,2707
1861,1592,53.06666666666667,30,30,training,1592
930,870,29.02902902902903,30,30,training,870
1929,4398,146.6,30,30,training,4398
837,2739,125.01141031492469,30,30,training,2739
775,1169,52.776523702031604,30,30,training,1169
812,872,39.52855847688124,30,30,training,872
750,1755,79.33996383363471,30,30,training,1755
1287,2177,72.6393059726393,30,30,training,2177
757,1407,63.46414073071718,30,30,training,1407
1865,2982,119.28,30,30,training,2982
846,1034,47.1285323609845,30,30,training,1034
892,2315,77.24391057724391,30,30,training,2315
787,2220,99.95497523638001,30,30,training,2220
768,1810,81.34831460674157,30,30,training,1810
1461,851,34.04,30,30,training,851
842,2477,112.64211005002275,30,30,training,2477
790,1679,75.59657811796488,30,30,training,1679
795,2706,122.11191335740072,30,30,training,2706
1972,2530,84.41775108441776,30,30,training,2530
2046,5274,175.97597597597598,30,30,training,5274
844,1607,73.27861377108984,30,30,training,1607
1908,2410,80.41374708041376,30,30,training,2410
797,1228,55.44018058690745,30,30,training,1228
888,2393,79.84651317984651,30,30,training,2393
2004,1736,57.9245912579246,30,30,training,1736
833,1107,50.22686025408348,30,30,training,1107
796,926,41.674167416741675,30,30,training,926
1501,963,32.132132132132135,30,30,training,963
820,1696,76.77682209144409,30,30,training,1696
748,1028,46.32717440288418,30,30,training,1028
1641,814,27.160493827160494,30,30,training,814
798,1390,62.725631768953065,30,30,training,1390
1869,4174,166.96,30,30,training,4174
1602,3447,115.94349142280525,30,30,training,3447
1293,1437,57.48,30,30,training,1437
1640,5405,180.34701368034703,30,30,training,5405
919,2242,74.73333333333333,30,30,training,2242
1274,4250,177.23102585487905,30,30,training,4250
1499,3100,103.43677010343677,30,30,training,3100
752,224,10.13116236996834,30,30,training,224
777,485,21.797752808988765,30,30,training,485
772,1503,67.4898967220476,30,30,training,1503
845,2776,126.58458732330142,30,30,training,2776
829,2592,117.55102040816327,30,30,training,2592
792,2429,110.25873808443032,30,30,training,2429
1593,4250,177.23102585487905,30,30,training,4250
766,539,24.030316540347748,30,30,training,539
754,1068,48.194945848375454,30,30,training,1068
1435,1058,42.32,30,30,training,1058
1439,990,33.033033033033036,30,30,training,990
917,1999,66.70003336670004,30,30,training,1999
780,778,35.060838215412346,30,30,training,778
1855,1383,55.32,30,30,training,1383
823,710,31.93882141250562,30,30,training,710
1946,4250,177.23102585487905,30,30,training,4250
855,1224,40.84084084084084,30,30,training,1224
789,2113,95.48124717577949,30,30,training,2113
810,800,36.36363636363637,30,30,training,800
758,1732,77.84269662921348,30,30,training,1732
1372,3266,130.64,30,30,training,3266
826,1384,62.8234226055379,30,30,training,1384
770,1926,86.52291105121293,30,30,training,1926
809,1455,65.68848758465012,30,30,training,1455
1297,5405,180.34701368034703,30,30,training,5405
1914,1064,42.56,30,30,training,1064
816,637,28.967712596634836,30,30,training,637
2013,4871,162.5291958625292,30,30,training,4871
1893,1221,48.84,30,30,training,1221
1667,4559,152.1187854521188,30,30,training,4559
1374,3815,159.0909090909091,30,30,training,3815
756,959,43.15931593159316,30,30,training,959
811,2554,115.5656108597285,30,30,training,2554
807,2056,92.94755877034358,30,30,training,2056
814,1298,58.57400722021661,30,30,training,1298
776,584,26.497277676951,30,30,training,584
1535,687,27.48,30,30,training,687
938,6164,102.83616950283617,30,30,training,6164
1827,7210,300.6672226855713,30,30,training,7210
788,621,28.036117381489845,30,30,training,621
821,3222,144.87410071942446,30,30,training,3222
782,1321,59.37078651685393,30,30,training,1321
933,2523,84.18418418418419,30,30,training,2523
832,547,24.89758761948111,30,30,training,547
860,2118,70.6,30,30,training,2118
803,638,28.894927536231886,30,30,training,638
895,3544,118.2515849182516,30,30,training,3544
805,1914,86.09986504723346,30,30,training,1914
822,677,30.70294784580499,30,30,training,677
1295,1224,40.84084084084084,30,30,validation,1224
763,361,16.166592028660997,30,30,training,361
1448,4250,177.23102585487905,30,30,training,4250
936,1172,39.10577243910577,30,30,training,1172
801,1474,66.66666666666667,30,30,training,1474
762,581,26.135852451641924,30,30,training,581
935,3533,117.88455121788455,30,30,training,3533
1915,5535,184.5,30,30,training,5535
799,1310,58.691756272401435,30,30,training,1310
934,3917,130.69736403069737,30,30,training,3917
894,1275,42.5,30,30,training,1275
858,3293,109.87654320987654,30,30,training,3293
802,816,36.80649526387009,30,30,training,816
1310,1058,42.32,30,30,validation,1058
786,2299,103.46534653465348,30,30,training,2299
1889,3234,107.8,30,30,training,3234
929,760,25.333333333333332,30,30,training,760
1604,5082,169.56956956956958,30,30,training,5082
791,435,19.629963898916966,30,30,training,435
784,1834,82.168458781362,30,30,training,1834
753,447,20.0,30,30,training,447
818,1043,46.897482014388494,30,30,training,1043
830,2300,104.4030866999546,30,30,training,2300
1296,792,26.4,30,30,validation,792
1309,1542,51.4,30,30,validation,1542
1969,1220,40.70737404070738,30,30,training,1220
828,3358,152.5670149931849,30,30,training,3358
751,294,13.231323132313232,30,30,training,294
1264,814,27.160493827160494,30,30,training,814
785,2121,95.84274740171713,30,30,training,2121
1987,814,27.160493827160494,30,30,training,814
849,2221,74.10744077410745,30,30,training,2221
774,3105,139.86486486486487,30,30,training,3105
769,2883,129.86486486486487,30,30,training,2883
749,1208,54.46348061316501,30,30,training,1208
747,561,25.202156334231805,30,30,training,561
1500,1322,44.11077744411078,30,30,training,1322
773,2204,99.27927927927928,30,30,training,2204
759,943,42.631103074141045,30,30,training,943
1959,3301,110.14347681014348,30,30,training,3301
1504,1813,60.43333333333333,30,30,training,1813
781,2670,120.05395683453239,30,30,training,2670
1263,5405,180.34701368034703,30,30,training,5405
1373,4807,160.39372706039373,30,30,training,4807
1524,8879,295.96666666666664,30,30,training,8879
838,2782,126.68488160291439,30,30,training,2782
813,734,32.929564827276806,30,30,training,734
1933,19094,658.4137931034483,30,30,training,19094
783,1051,47.535052012663954,30,30,training,1051
1970,954,31.8,30,30,training,954
831,2795,127.04545454545455,30,30,training,2795
843,3065,139.89046097672295,30,30,training,3065
1529,1593,53.1,30,30,training,1593
2064,1136,47.37281067556297,30,30,training,1136
760,759,34.06642728904847,30,30,training,759
1256,5274,175.97597597597598,30,30,training,5274
808,535,24.164408310749774,30,30,training,535
771,2254,101.57728706624606,30,30,training,2254
779,2875,129.27158273381295,30,30,training,2875
755,595,26.838069463238607,30,30,training,595
827,3541,160.7353608715388,30,30,training,3541
1294,2559,85.38538538538539,30,30,training,2559
1513,5741,212.62962962962962,30,30,training,5741
2070,1770,59.0,30,30,training,1770
841,1763,79.88219302220209,30,30,training,1763
839,1070,48.7027765134274,30,30,training,1070
778,1080,48.935206162211145,30,30,training,1080
815,2171,98.23529411764706,30,30,training,2171
1344,3447,115.94349142280525,30,30,training,3447
1974,5891,196.56322989656323,30,30,training,5891
874,3875,155.0,30,30,training,3875
1932,2698,89.93333333333334,30,30,training,2698
881,2173,72.50583917250584,30,30,training,2173
764,493,22.167266187050362,30,30,training,493
1878,1407,79.26760563380282,30,30,training,1407
767,2252,101.35013501350136,30,30,training,2252
1594,4334,144.6112779446113,30,30,training,4334
882,2295,76.57657657657658,30,30,training,2295
1953,2695,89.92325658992326,30,30,training,2695
931,3245,108.27494160827494,30,30,training,3245
1927,1266,50.64,30,30,training,1266
1502,4607,153.7203870537204,30,30,training,4607
806,1717,76.99551569506727,30,30,training,1717
840,3319,151.1384335154827,30,30,training,3319
819,2505,113.14363143631437,30,30,training,2505
People_falling_21,404,13.480146813480147,30,30,validation,404
People_falling_9,222,7.407407407407407,30,30,validation,222
People_falling_43,1014,40.56,30,30,validation,1014
People_falling_5,210,7.007007007007007,30,30,validation,210
People_falling_19,220,7.340674007340675,30,30,validation,220
People_falling_37,296,9.876543209876544,30,30,validation,296
People_falling_27,896,29.866666666666667,30,30,validation,896
People_falling_12,283,9.442776109442777,30,30,validation,283
People_falling_7,274,9.142475809142477,30,30,validation,274
People_falling_25,234,7.807807807807808,30,30,validation,234
People_falling_35,215,7.173840507173841,30,30,validation,215
People_falling_3,236,7.874541207874541,30,30,validation,236
People_falling_15,292,9.743076409743077,30,30,validation,292
People_falling_18,282,9.40940940940941,30,30,validation,282
People_falling_4,216,7.207207207207207,30,30,validation,216
People_falling_41,150,5.0,30,30,validation,150
People_falling_28,232,7.741074407741075,30,30,validation,232
People_falling_30,262,8.742075408742076,30,30,validation,262
People_falling_8,601,20.05338672005339,30,30,validation,601
People_falling_22,592,23.68,30,30,validation,592
People_falling_1,328,10.944277610944278,30,30,validation,328
People_falling_34,282,9.40940940940941,30,30,validation,282
People_falling_6,325,10.844177510844178,30,30,validation,325
People_falling_36,233,7.774441107774441,30,30,validation,233
People_falling_16,287,9.576242909576242,30,30,validation,287
People_falling_2,278,9.275942609275942,30,30,validation,278
People_falling_26,226,7.540874207540875,30,30,validation,226
People_falling_20,252,8.408408408408409,30,30,validation,252
People_falling_42,452,15.066666666666666,30,30,validation,452
People_falling_14,225,7.5075075075075075,30,30,validation,225
People_falling_17,285,9.50950950950951,30,30,validation,285
People_falling_10,302,10.076743410076745,30,30,validation,302
People_falling_33,225,7.5075075075075075,30,30,validation,225
People_falling_32,581,19.386052719386054,30,30,validation,581
People_falling_40,272,9.075742409075742,30,30,validation,272
People_falling_38,251,8.375041708375042,30,30,validation,251
People_falling_29,333,11.11111111111111,30,30,validation,333
People_falling_31,345,11.511511511511513,30,30,validation,345
People_falling_13,296,9.876543209876544,30,30,validation,296
People_falling_23,245,8.174841508174842,30,30,validation,245
People_falling_39,219,7.307307307307307,30,30,validation,219
People_falling_11,226,7.540874207540875,30,30,validation,226
People_falling_24,211,7.040373707040374,30,30,validation,211
Vandalism_3,407,13.580246913580247,30,30,training,407
Vandalism_8,2038,67.93333333333334,30,30,training,2038
Vandalism_1,1003,33.466800133466805,30,30,training,1003
Vandalism_11,353,11.766666666666667,30,30,training,353
Vandalism_12,383,12.766666666666667,30,30,training,383
Vandalism_9,462,15.415415415415415,30,30,training,462
Vandalism_6,623,20.787454120787455,30,30,training,623
Vandalism_4,654,21.82182182182182,30,30,training,654
Vandalism_10,784,26.17696160267112,30,30,training,784
Vandalism_2,574,19.133333333333333,30,30,training,574
Vandalism_5,386,12.892451569806278,30,30,training,386
Vandalism_7,629,20.987654320987655,30,30,training,629
Shooting_6,309,12.36,30,30,validation,309
Shooting_16,243,8.1,30,30,validation,243
Shooting_11,718,23.933333333333334,30,30,validation,718
Shooting_1,379,12.645979312645979,30,30,validation,379
Shooting_17,505,16.833333333333332,30,30,validation,505
Shooting_3,224,7.466666666666667,30,30,validation,224
Shooting_9,234,7.83132530120482,30,30,validation,234
Shooting_10,903,30.13013013013013,30,30,validation,903
Shooting_8,105,4.411764705882352,30,30,validation,105
Shooting_4,284,9.466666666666667,30,30,validation,284
Shooting_2,237,9.48,30,30,validation,237
Shooting_15,1126,45.04,30,30,validation,1126
Shooting_7,1173,39.1,30,30,validation,1173
Shooting_12,224,7.466666666666667,30,30,validation,224
Shooting_14,647,21.595460614152202,30,30,validation,647
Shooting_5,177,7.08,30,30,validation,177
Shooting_13,413,13.766666666666667,30,30,validation,413
Fighting_3,344,34.4,30,30,training,344
Fighting_2,1173,39.1,30,30,training,1173
Fighting_7,422,14.066666666666666,30,30,training,422
Fighting_10,579,19.96551724137931,30,30,training,579
Fighting_8,1251,50.04,30,30,training,1251
Fighting_13,1727,69.08,30,30,training,1727
Fighting_12,747,24.9,30,30,training,747
Fighting_1,2789,92.96666666666667,30,30,training,2789
Fighting_4,251,8.375041708375042,30,30,training,251
Fighting_6,439,14.633333333333333,30,30,training,439
Fighting_5,177,17.7,30,30,training,177
Fighting_9,555,19.137931034482758,30,30,training,555
Fighting_11,280,9.333333333333334,30,30,training,280
Assault_8,1031,34.389593062041364,30,30,validation,1031
Assault_5,358,14.32,30,30,validation,358
Assault_11,816,27.2,30,30,validation,816
Assault_15,265,8.833333333333334,30,30,validation,265
Assault_13,859,29.620689655172413,30,30,validation,859
Assault_2,236,7.874541207874541,30,30,validation,236
Assault_1,426,14.214214214214214,30,30,validation,426
Assault_6,572,19.085752419085754,30,30,validation,572
Assault_4,515,17.183850517183853,30,30,validation,515
Assault_10,4221,145.55172413793105,30,30,validation,4221
Assault_9,264,8.8,30,30,validation,264
Assault_14,494,16.466666666666665,30,30,validation,494
Assault_7,374,12.479145812479146,30,30,validation,374
Assault_12,442,15.241379310344827,30,30,validation,442
Assault_3,791,31.64,30,30,validation,791
Robbery_4,237,9.48,30,30,training,237
Robbery_29,320,10.677344010677345,30,30,training,320
Robbery_28,716,23.866666666666667,30,30,training,716
Robbery_26,1269,42.3,30,30,training,1269
Robbery_18,355,14.2,30,30,training,355
Robbery_27,563,18.766666666666666,30,30,training,563
Robbery_22,831,27.72772772772773,30,30,training,831
Robbery_3,1233,49.32,30,30,training,1233
Robbery_2,1240,41.40233722871452,30,30,training,1240
Robbery_16,303,12.12,30,30,training,303
Robbery_25,573,19.11911911911912,30,30,training,573
Robbery_21,753,25.125125125125127,30,30,training,753
Robbery_10,219,8.76,30,30,training,219
Robbery_5,739,24.657991324657992,30,30,training,739
Robbery_20,1919,64.0306973640307,30,30,training,1919
Robbery_12,903,30.1,30,30,training,903
Robbery_19,1958,65.26666666666667,30,30,training,1958
Robbery_24,451,15.048381715048382,30,30,training,451
Robbery_13,461,15.38204871538205,30,30,training,461
Robbery_7,430,17.2,30,30,training,430
Robbery_11,537,17.91791791791792,30,30,training,537
Robbery_6,1438,57.52,30,30,training,1438
Robbery_15,334,13.36,30,30,training,334
Robbery_17,503,16.839638433210578,30,30,training,503
Robbery_23,226,7.540874207540875,30,30,training,226
Robbery_14,329,10.966666666666667,30,30,training,329
Robbery_8,424,14.147480814147482,30,30,training,424
Robbery_9,2371,79.11244577911245,30,30,training,2371
Robbery_1,493,16.455273698264353,30,30,training,493
